"filename", "language", "Markdown", "YAML", "Batch", "Java Properties", "XML", "Java", "HTML", "comment", "blank", "total"
"e:\01-Codes\JavaCode\catcat\.mvn\wrapper\maven-wrapper.properties", "Java Properties", 0, 0, 0, 2, 0, 0, 0, 16, 1, 19
"e:\01-Codes\JavaCode\catcat\README.md", "Markdown", 1, 0, 0, 0, 0, 0, 0, 0, 1, 2
"e:\01-Codes\JavaCode\catcat\mvnw.cmd", "Batch", 0, 0, 105, 0, 0, 0, 0, 26, 16, 147
"e:\01-Codes\JavaCode\catcat\pom.xml", "XML", 0, 0, 0, 0, 262, 0, 0, 43, 34, 339
"e:\01-Codes\JavaCode\catcat\prometheus.yml", "YAML", 0, 0, 0, 0, 0, 0, 0, 9, 2, 11
"e:\01-Codes\JavaCode\catcat\src\main\java\com\catcat\entity\PostFavorite.java", "Java", 0, 0, 0, 0, 0, 15, 0, 25, 8, 48
"e:\01-Codes\JavaCode\catcat\src\main\java\com\catcat\entity\PostLike.java", "Java", 0, 0, 0, 0, 0, 17, 0, 25, 8, 50
"e:\01-Codes\JavaCode\catcat\src\main\java\com\catcat\entity\UserFollow.java", "Java", 0, 0, 0, 0, 0, 15, 0, 25, 8, 48
"e:\01-Codes\JavaCode\catcat\src\main\java\com\qin\catcat\CatcatApplication.java", "Java", 0, 0, 0, 0, 0, 18, 0, 0, 5, 23
"e:\01-Codes\JavaCode\catcat\src\main\java\com\qin\catcat\unite\common\annotation\RedisRateLimit.java", "Java", 0, 0, 0, 0, 0, 13, 0, 22, 6, 41
"e:\01-Codes\JavaCode\catcat\src\main\java\com\qin\catcat\unite\common\aspect\CacheMonitorAspect.java", "Java", 0, 0, 0, 0, 0, 35, 0, 10, 6, 51
"e:\01-Codes\JavaCode\catcat\src\main\java\com\qin\catcat\unite\common\aspect\GlobalRateLimitAspect.java", "Java", 0, 0, 0, 0, 0, 20, 0, 37, 12, 69
"e:\01-Codes\JavaCode\catcat\src\main\java\com\qin\catcat\unite\common\aspect\RedisRateLimitAspect.java", "Java", 0, 0, 0, 0, 0, 46, 0, 11, 13, 70
"e:\01-Codes\JavaCode\catcat\src\main\java\com\qin\catcat\unite\common\aspect\WebLogAspect.java", "Java", 0, 0, 0, 0, 0, 91, 0, 16, 16, 123
"e:\01-Codes\JavaCode\catcat\src\main\java\com\qin\catcat\unite\common\constant\Constant.java", "Java", 0, 0, 0, 0, 0, 24, 0, 14, 6, 44
"e:\01-Codes\JavaCode\catcat\src\main\java\com\qin\catcat\unite\common\enumclass\CatcatEnumClass.java", "Java", 0, 0, 0, 0, 0, 73, 0, 16, 14, 103
"e:\01-Codes\JavaCode\catcat\src\main\java\com\qin\catcat\unite\common\factory\CatListVOFactory.java", "Java", 0, 0, 0, 0, 0, 15, 0, 8, 5, 28
"e:\01-Codes\JavaCode\catcat\src\main\java\com\qin\catcat\unite\common\factory\CoordinateVOFactory.java", "Java", 0, 0, 0, 0, 0, 15, 0, 8, 4, 27
"e:\01-Codes\JavaCode\catcat\src\main\java\com\qin\catcat\unite\common\factory\PostVOFactory.java", "Java", 0, 0, 0, 0, 0, 15, 0, 8, 4, 27
"e:\01-Codes\JavaCode\catcat\src\main\java\com\qin\catcat\unite\common\filter\JwtAuthenticationTokenFilter.java", "Java", 0, 0, 0, 0, 0, 138, 0, 31, 29, 198
"e:\01-Codes\JavaCode\catcat\src\main\java\com\qin\catcat\unite\common\filter\RateLimitFilter.java", "Java", 0, 0, 0, 0, 0, 177, 0, 54, 28, 259
"e:\01-Codes\JavaCode\catcat\src\main\java\com\qin\catcat\unite\common\interceptor\JwtInterceptor.java", "Java", 0, 0, 0, 0, 0, 12, 0, 25, 9, 46
"e:\01-Codes\JavaCode\catcat\src\main\java\com\qin\catcat\unite\common\rabbitMq\LikeMessageListener.java", "Java", 0, 0, 0, 0, 0, 7, 0, 18, 9, 34
"e:\01-Codes\JavaCode\catcat\src\main\java\com\qin\catcat\unite\common\result\Result.java", "Java", 0, 0, 0, 0, 0, 75, 0, 4, 17, 96
"e:\01-Codes\JavaCode\catcat\src\main\java\com\qin\catcat\unite\common\utils\CacheUtils.java", "Java", 0, 0, 0, 0, 0, 96, 0, 56, 21, 173
"e:\01-Codes\JavaCode\catcat\src\main\java\com\qin\catcat\unite\common\utils\ElasticsearchUtil.java", "Java", 0, 0, 0, 0, 0, 76, 0, 22, 14, 112
"e:\01-Codes\JavaCode\catcat\src\main\java\com\qin\catcat\unite\common\utils\GeneratorIdUtil.java", "Java", 0, 0, 0, 0, 0, 18, 0, 21, 6, 45
"e:\01-Codes\JavaCode\catcat\src\main\java\com\qin\catcat\unite\common\utils\JwtTokenProvider.java", "Java", 0, 0, 0, 0, 0, 96, 0, 21, 23, 140
"e:\01-Codes\JavaCode\catcat\src\main\java\com\qin\catcat\unite\common\utils\ObjectPoolUtil.java", "Java", 0, 0, 0, 0, 0, 57, 0, 33, 8, 98
"e:\01-Codes\JavaCode\catcat\src\main\java\com\qin\catcat\unite\common\utils\ShortLinkUtils.java", "Java", 0, 0, 0, 0, 0, 23, 0, 19, 3, 45
"e:\01-Codes\JavaCode\catcat\src\main\java\com\qin\catcat\unite\common\utils\ThreadLocalUtil.java", "Java", 0, 0, 0, 0, 0, 13, 0, 7, 5, 25
"e:\01-Codes\JavaCode\catcat\src\main\java\com\qin\catcat\unite\common\utils\TokenHolder.java", "Java", 0, 0, 0, 0, 0, 13, 0, 4, 6, 23
"e:\01-Codes\JavaCode\catcat\src\main\java\com\qin\catcat\unite\config\CacheMonitorConfig.java", "Java", 0, 0, 0, 0, 0, 17, 0, 4, 4, 25
"e:\01-Codes\JavaCode\catcat\src\main\java\com\qin\catcat\unite\config\DBUserDetailsManager.java", "Java", 0, 0, 0, 0, 0, 0, 0, 68, 19, 87
"e:\01-Codes\JavaCode\catcat\src\main\java\com\qin\catcat\unite\config\DateConverterConfig.java", "Java", 0, 0, 0, 0, 0, 45, 0, 9, 8, 62
"e:\01-Codes\JavaCode\catcat\src\main\java\com\qin\catcat\unite\config\ElasticsearchConfig.java", "Java", 0, 0, 0, 0, 0, 1, 0, 64, 3, 68
"e:\01-Codes\JavaCode\catcat\src\main\java\com\qin\catcat\unite\config\JacksonConfig.java", "Java", 0, 0, 0, 0, 0, 22, 0, 10, 7, 39
"e:\01-Codes\JavaCode\catcat\src\main\java\com\qin\catcat\unite\config\LocalCacheConfig.java", "Java", 0, 0, 0, 0, 0, 30, 0, 14, 6, 50
"e:\01-Codes\JavaCode\catcat\src\main\java\com\qin\catcat\unite\config\MonitorConfig.java", "Java", 0, 0, 0, 0, 0, 20, 0, 13, 9, 42
"e:\01-Codes\JavaCode\catcat\src\main\java\com\qin\catcat\unite\config\MyAuthenticationFailureHandler.java", "Java", 0, 0, 0, 0, 0, 14, 0, 15, 12, 41
"e:\01-Codes\JavaCode\catcat\src\main\java\com\qin\catcat\unite\config\MyAuthenticationSuccessHandler.java", "Java", 0, 0, 0, 0, 0, 57, 0, 21, 20, 98
"e:\01-Codes\JavaCode\catcat\src\main\java\com\qin\catcat\unite\config\MyMetaObjectHandler.java", "Java", 0, 0, 0, 0, 0, 17, 0, 7, 6, 30
"e:\01-Codes\JavaCode\catcat\src\main\java\com\qin\catcat\unite\config\MybatisPlusConfig.java", "Java", 0, 0, 0, 0, 0, 17, 0, 6, 6, 29
"e:\01-Codes\JavaCode\catcat\src\main\java\com\qin\catcat\unite\config\ObjectPoolConfig.java", "Java", 0, 0, 0, 0, 0, 39, 0, 20, 7, 66
"e:\01-Codes\JavaCode\catcat\src\main\java\com\qin\catcat\unite\config\RBloomFilterConfig.java", "Java", 0, 0, 0, 0, 0, 91, 0, 26, 13, 130
"e:\01-Codes\JavaCode\catcat\src\main\java\com\qin\catcat\unite\config\RabbitMQConfig.java", "Java", 0, 0, 0, 0, 0, 9, 0, 38, 10, 57
"e:\01-Codes\JavaCode\catcat\src\main\java\com\qin\catcat\unite\config\RateLimiterConfig.java", "Java", 0, 0, 0, 0, 0, 0, 0, 26, 5, 31
"e:\01-Codes\JavaCode\catcat\src\main\java\com\qin\catcat\unite\config\RedisConfig.java", "Java", 0, 0, 0, 0, 0, 90, 0, 33, 19, 142
"e:\01-Codes\JavaCode\catcat\src\main\java\com\qin\catcat\unite\config\SchedulerConfig.java", "Java", 0, 0, 0, 0, 0, 16, 0, 12, 4, 32
"e:\01-Codes\JavaCode\catcat\src\main\java\com\qin\catcat\unite\config\SecurityConfig.java", "Java", 0, 0, 0, 0, 0, 120, 0, 19, 16, 155
"e:\01-Codes\JavaCode\catcat\src\main\java\com\qin\catcat\unite\config\SwaggerConfig.java", "Java", 0, 0, 0, 0, 0, 20, 0, 0, 2, 22
"e:\01-Codes\JavaCode\catcat\src\main\java\com\qin\catcat\unite\config\WebConfig.java", "Java", 0, 0, 0, 0, 0, 12, 0, 20, 8, 40
"e:\01-Codes\JavaCode\catcat\src\main\java\com\qin\catcat\unite\config\WebMvcRegistrationsConfig.java", "Java", 0, 0, 0, 0, 0, 21, 0, 6, 5, 32
"e:\01-Codes\JavaCode\catcat\src\main\java\com\qin\catcat\unite\config\WebSocketConfig.java", "Java", 0, 0, 0, 0, 0, 21, 0, 4, 8, 33
"e:\01-Codes\JavaCode\catcat\src\main\java\com\qin\catcat\unite\controller\CatAnalysisController.java", "Java", 0, 0, 0, 0, 0, 56, 0, 17, 11, 84
"e:\01-Codes\JavaCode\catcat\src\main\java\com\qin\catcat\unite\controller\CatCommentController.java", "Java", 0, 0, 0, 0, 0, 133, 0, 15, 15, 163
"e:\01-Codes\JavaCode\catcat\src\main\java\com\qin\catcat\unite\controller\CatController.java", "Java", 0, 0, 0, 0, 0, 103, 0, 38, 20, 161
"e:\01-Codes\JavaCode\catcat\src\main\java\com\qin\catcat\unite\controller\CatLocationController.java", "Java", 0, 0, 0, 0, 0, 57, 0, 7, 10, 74
"e:\01-Codes\JavaCode\catcat\src\main\java\com\qin\catcat\unite\controller\CatPhotoController.java", "Java", 0, 0, 0, 0, 0, 56, 0, 7, 10, 73
"e:\01-Codes\JavaCode\catcat\src\main\java\com\qin\catcat\unite\controller\CatPredictionController.java", "Java", 0, 0, 0, 0, 0, 25, 0, 13, 7, 45
"e:\01-Codes\JavaCode\catcat\src\main\java\com\qin\catcat\unite\controller\CommentController.java", "Java", 0, 0, 0, 0, 0, 110, 0, 59, 17, 186
"e:\01-Codes\JavaCode\catcat\src\main\java\com\qin\catcat\unite\controller\DonateController.java", "Java", 0, 0, 0, 0, 0, 60, 0, 21, 13, 94
"e:\01-Codes\JavaCode\catcat\src\main\java\com\qin\catcat\unite\controller\FileUploadController.java", "Java", 0, 0, 0, 0, 0, 76, 0, 63, 27, 166
"e:\01-Codes\JavaCode\catcat\src\main\java\com\qin\catcat\unite\controller\PermissionController.java", "Java", 0, 0, 0, 0, 0, 68, 0, 0, 13, 81
"e:\01-Codes\JavaCode\catcat\src\main\java\com\qin\catcat\unite\controller\PostController.java", "Java", 0, 0, 0, 0, 0, 216, 0, 115, 38, 369
"e:\01-Codes\JavaCode\catcat\src\main\java\com\qin\catcat\unite\controller\RoleController.java", "Java", 0, 0, 0, 0, 0, 91, 0, 0, 16, 107
"e:\01-Codes\JavaCode\catcat\src\main\java\com\qin\catcat\unite\controller\SearchController.java", "Java", 0, 0, 0, 0, 0, 37, 0, 6, 11, 54
"e:\01-Codes\JavaCode\catcat\src\main\java\com\qin\catcat\unite\controller\ShotLinkShareController.java", "Java", 0, 0, 0, 0, 0, 37, 0, 21, 10, 68
"e:\01-Codes\JavaCode\catcat\src\main\java\com\qin\catcat\unite\controller\SystemController.java", "Java", 0, 0, 0, 0, 0, 37, 0, 27, 9, 73
"e:\01-Codes\JavaCode\catcat\src\main\java\com\qin\catcat\unite\controller\UserController.java", "Java", 0, 0, 0, 0, 0, 101, 0, 42, 14, 157
"e:\01-Codes\JavaCode\catcat\src\main\java\com\qin\catcat\unite\controller\UserRoleController.java", "Java", 0, 0, 0, 0, 0, 52, 0, 7, 10, 69
"e:\01-Codes\JavaCode\catcat\src\main\java\com\qin\catcat\unite\controller\WxShareController.java", "Java", 0, 0, 0, 0, 0, 25, 0, 30, 10, 65
"e:\01-Codes\JavaCode\catcat\src\main\java\com\qin\catcat\unite\controller\handle\CatWebSocketHandler.java", "Java", 0, 0, 0, 0, 0, 56, 0, 16, 17, 89
"e:\01-Codes\JavaCode\catcat\src\main\java\com\qin\catcat\unite\controller\handle\GlobalExceptionHandler.java", "Java", 0, 0, 0, 0, 0, 45, 0, 33, 10, 88
"e:\01-Codes\JavaCode\catcat\src\main\java\com\qin\catcat\unite\exception\BusinessException.java", "Java", 0, 0, 0, 0, 0, 17, 0, 4, 6, 27
"e:\01-Codes\JavaCode\catcat\src\main\java\com\qin\catcat\unite\exception\JWTIdentityVerificationFailedException.java", "Java", 0, 0, 0, 0, 0, 12, 0, 1, 4, 17
"e:\01-Codes\JavaCode\catcat\src\main\java\com\qin\catcat\unite\exception\PasswordIncorrectException.java", "Java", 0, 0, 0, 0, 0, 12, 0, 1, 3, 16
"e:\01-Codes\JavaCode\catcat\src\main\java\com\qin\catcat\unite\exception\UserAlreadyExistsException.java", "Java", 0, 0, 0, 0, 0, 12, 0, 0, 4, 16
"e:\01-Codes\JavaCode\catcat\src\main\java\com\qin\catcat\unite\exception\UserNotExistException.java", "Java", 0, 0, 0, 0, 0, 12, 0, 1, 4, 17
"e:\01-Codes\JavaCode\catcat\src\main\java\com\qin\catcat\unite\exception\updatePasswordFailedException.java", "Java", 0, 0, 0, 0, 0, 12, 0, 1, 4, 17
"e:\01-Codes\JavaCode\catcat\src\main\java\com\qin\catcat\unite\manage\CatManage.java", "Java", 0, 0, 0, 0, 0, 26, 0, 15, 8, 49
"e:\01-Codes\JavaCode\catcat\src\main\java\com\qin\catcat\unite\manage\CommentManage.java", "Java", 0, 0, 0, 0, 0, 36, 0, 13, 6, 55
"e:\01-Codes\JavaCode\catcat\src\main\java\com\qin\catcat\unite\manage\PostManage.java", "Java", 0, 0, 0, 0, 0, 157, 0, 61, 25, 243
"e:\01-Codes\JavaCode\catcat\src\main\java\com\qin\catcat\unite\mapper\CatAdoptApplyRecordMapper.java", "Java", 0, 0, 0, 0, 0, 7, 0, 7, 5, 19
"e:\01-Codes\JavaCode\catcat\src\main\java\com\qin\catcat\unite\mapper\CatCommentMapper.java", "Java", 0, 0, 0, 0, 0, 7, 0, 7, 3, 17
"e:\01-Codes\JavaCode\catcat\src\main\java\com\qin\catcat\unite\mapper\CatMapper.java", "Java", 0, 0, 0, 0, 0, 15, 0, 3, 7, 25
"e:\01-Codes\JavaCode\catcat\src\main\java\com\qin\catcat\unite\mapper\CatPicsMapper.java", "Java", 0, 0, 0, 0, 0, 10, 0, 3, 5, 18
"e:\01-Codes\JavaCode\catcat\src\main\java\com\qin\catcat\unite\mapper\CatTimeLineEventMapper.java", "Java", 0, 0, 0, 0, 0, 7, 0, 7, 5, 19
"e:\01-Codes\JavaCode\catcat\src\main\java\com\qin\catcat\unite\mapper\CommentLikeMapper.java", "Java", 0, 0, 0, 0, 0, 7, 0, 0, 2, 9
"e:\01-Codes\JavaCode\catcat\src\main\java\com\qin\catcat\unite\mapper\CommentRelationshipMapper.java", "Java", 0, 0, 0, 0, 0, 7, 0, 0, 5, 12
"e:\01-Codes\JavaCode\catcat\src\main\java\com\qin\catcat\unite\mapper\CoordinateMapper.java", "Java", 0, 0, 0, 0, 0, 35, 0, 14, 7, 56
"e:\01-Codes\JavaCode\catcat\src\main\java\com\qin\catcat\unite\mapper\DonateMapper.java", "Java", 0, 0, 0, 0, 0, 7, 0, 0, 4, 11
"e:\01-Codes\JavaCode\catcat\src\main\java\com\qin\catcat\unite\mapper\FundRecordMapper.java", "Java", 0, 0, 0, 0, 0, 7, 0, 7, 5, 19
"e:\01-Codes\JavaCode\catcat\src\main\java\com\qin\catcat\unite\mapper\PermissionMapper.java", "Java", 0, 0, 0, 0, 0, 7, 0, 3, 4, 14
"e:\01-Codes\JavaCode\catcat\src\main\java\com\qin\catcat\unite\mapper\PostCollectMapper.java", "Java", 0, 0, 0, 0, 0, 7, 0, 0, 2, 9
"e:\01-Codes\JavaCode\catcat\src\main\java\com\qin\catcat\unite\mapper\PostCommentMapper.java", "Java", 0, 0, 0, 0, 0, 15, 0, 7, 4, 26
"e:\01-Codes\JavaCode\catcat\src\main\java\com\qin\catcat\unite\mapper\PostLikeMapper.java", "Java", 0, 0, 0, 0, 0, 7, 0, 0, 2, 9
"e:\01-Codes\JavaCode\catcat\src\main\java\com\qin\catcat\unite\mapper\PostMapper.java", "Java", 0, 0, 0, 0, 0, 46, 0, 36, 10, 92
"e:\01-Codes\JavaCode\catcat\src\main\java\com\qin\catcat\unite\mapper\PostPicsMapper.java", "Java", 0, 0, 0, 0, 0, 11, 0, 5, 5, 21
"e:\01-Codes\JavaCode\catcat\src\main\java\com\qin\catcat\unite\mapper\RoleMapper.java", "Java", 0, 0, 0, 0, 0, 7, 0, 3, 4, 14
"e:\01-Codes\JavaCode\catcat\src\main\java\com\qin\catcat\unite\mapper\RolePermissionMapper.java", "Java", 0, 0, 0, 0, 0, 7, 0, 3, 4, 14
"e:\01-Codes\JavaCode\catcat\src\main\java\com\qin\catcat\unite\mapper\ShotLinkShareMapper.java", "Java", 0, 0, 0, 0, 0, 8, 0, 7, 5, 20
"e:\01-Codes\JavaCode\catcat\src\main\java\com\qin\catcat\unite\mapper\UserFollowMapper.java", "Java", 0, 0, 0, 0, 0, 7, 0, 0, 2, 9
"e:\01-Codes\JavaCode\catcat\src\main\java\com\qin\catcat\unite\mapper\UserMapper.java", "Java", 0, 0, 0, 0, 0, 8, 0, 6, 5, 19
"e:\01-Codes\JavaCode\catcat\src\main\java\com\qin\catcat\unite\mapper\UserRoleMapper.java", "Java", 0, 0, 0, 0, 0, 7, 0, 3, 4, 14
"e:\01-Codes\JavaCode\catcat\src\main\java\com\qin\catcat\unite\param\AddCatCommentParam.java", "Java", 0, 0, 0, 0, 0, 13, 0, 7, 6, 26
"e:\01-Codes\JavaCode\catcat\src\main\java\com\qin\catcat\unite\param\AddCatPhotoParam.java", "Java", 0, 0, 0, 0, 0, 7, 0, 9, 3, 19
"e:\01-Codes\JavaCode\catcat\src\main\java\com\qin\catcat\unite\param\AddCatTimelineParam.java", "Java", 0, 0, 0, 0, 0, 9, 0, 11, 3, 23
"e:\01-Codes\JavaCode\catcat\src\main\java\com\qin\catcat\unite\param\AddFundRecordParam.java", "Java", 0, 0, 0, 0, 0, 12, 0, 7, 4, 23
"e:\01-Codes\JavaCode\catcat\src\main\java\com\qin\catcat\unite\param\AddPostCommentParam.java", "Java", 0, 0, 0, 0, 0, 8, 0, 16, 3, 27
"e:\01-Codes\JavaCode\catcat\src\main\java\com\qin\catcat\unite\param\AdoptParam.java", "Java", 0, 0, 0, 0, 0, 12, 0, 14, 3, 29
"e:\01-Codes\JavaCode\catcat\src\main\java\com\qin\catcat\unite\param\AuditCatCommentParam.java", "Java", 0, 0, 0, 0, 0, 11, 0, 7, 4, 22
"e:\01-Codes\JavaCode\catcat\src\main\java\com\qin\catcat\unite\param\DeleteCatCommentParam.java", "Java", 0, 0, 0, 0, 0, 9, 0, 7, 3, 19
"e:\01-Codes\JavaCode\catcat\src\main\java\com\qin\catcat\unite\param\PageParam.java", "Java", 0, 0, 0, 0, 0, 7, 0, 5, 3, 15
"e:\01-Codes\JavaCode\catcat\src\main\java\com\qin\catcat\unite\param\PassApproveParam.java", "Java", 0, 0, 0, 0, 0, 6, 0, 8, 4, 18
"e:\01-Codes\JavaCode\catcat\src\main\java\com\qin\catcat\unite\param\RefuseApproveParam.java", "Java", 0, 0, 0, 0, 0, 6, 0, 8, 4, 18
"e:\01-Codes\JavaCode\catcat\src\main\java\com\qin\catcat\unite\param\ReviewCommentParam.java", "Java", 0, 0, 0, 0, 0, 8, 0, 16, 3, 27
"e:\01-Codes\JavaCode\catcat\src\main\java\com\qin\catcat\unite\param\UpdateCatTimelineParam.java", "Java", 0, 0, 0, 0, 0, 9, 0, 11, 3, 23
"e:\01-Codes\JavaCode\catcat\src\main\java\com\qin\catcat\unite\param\UpdateProfileParam.java", "Java", 0, 0, 0, 0, 0, 16, 0, 16, 4, 36
"e:\01-Codes\JavaCode\catcat\src\main\java\com\qin\catcat\unite\param\UpdateRoleParam.java", "Java", 0, 0, 0, 0, 0, 7, 0, 9, 3, 19
"e:\01-Codes\JavaCode\catcat\src\main\java\com\qin\catcat\unite\param\UploadCoordinateParam.java", "Java", 0, 0, 0, 0, 0, 9, 0, 12, 6, 27
"e:\01-Codes\JavaCode\catcat\src\main\java\com\qin\catcat\unite\popo\dto\AddCatCommentDTO.java", "Java", 0, 0, 0, 0, 0, 13, 0, 14, 5, 32
"e:\01-Codes\JavaCode\catcat\src\main\java\com\qin\catcat\unite\popo\dto\AddCatPhotoDTO.java", "Java", 0, 0, 0, 0, 0, 12, 0, 10, 4, 26
"e:\01-Codes\JavaCode\catcat\src\main\java\com\qin\catcat\unite\popo\dto\AddFundRecordDTO.java", "Java", 0, 0, 0, 0, 0, 9, 0, 7, 4, 20
"e:\01-Codes\JavaCode\catcat\src\main\java\com\qin\catcat\unite\popo\dto\AddPostCommentDTO.java", "Java", 0, 0, 0, 0, 0, 6, 0, 7, 5, 18
"e:\01-Codes\JavaCode\catcat\src\main\java\com\qin\catcat\unite\popo\dto\AuditCatCommentDTO.java", "Java", 0, 0, 0, 0, 0, 8, 0, 10, 2, 20
"e:\01-Codes\JavaCode\catcat\src\main\java\com\qin\catcat\unite\popo\dto\CatDTO.java", "Java", 0, 0, 0, 0, 0, 25, 0, 16, 5, 46
"e:\01-Codes\JavaCode\catcat\src\main\java\com\qin\catcat\unite\popo\dto\CoordinateDTO.java", "Java", 0, 0, 0, 0, 0, 20, 0, 19, 8, 47
"e:\01-Codes\JavaCode\catcat\src\main\java\com\qin\catcat\unite\popo\dto\DeleteCatCommentDTO.java", "Java", 0, 0, 0, 0, 0, 7, 0, 9, 2, 18
"e:\01-Codes\JavaCode\catcat\src\main\java\com\qin\catcat\unite\popo\dto\DonateDTO.java", "Java", 0, 0, 0, 0, 0, 18, 0, 23, 4, 45
"e:\01-Codes\JavaCode\catcat\src\main\java\com\qin\catcat\unite\popo\dto\PostDTO.java", "Java", 0, 0, 0, 0, 0, 13, 0, 6, 4, 23
"e:\01-Codes\JavaCode\catcat\src\main\java\com\qin\catcat\unite\popo\dto\RegisterDTO.java", "Java", 0, 0, 0, 0, 0, 8, 0, 3, 3, 14
"e:\01-Codes\JavaCode\catcat\src\main\java\com\qin\catcat\unite\popo\dto\UpdatePostDTO.java", "Java", 0, 0, 0, 0, 0, 13, 0, 3, 5, 21
"e:\01-Codes\JavaCode\catcat\src\main\java\com\qin\catcat\unite\popo\dto\UpdateProfileDTO.java", "Java", 0, 0, 0, 0, 0, 6, 0, 7, 5, 18
"e:\01-Codes\JavaCode\catcat\src\main\java\com\qin\catcat\unite\popo\dto\UserLoginDTO.java", "Java", 0, 0, 0, 0, 0, 7, 0, 2, 4, 13
"e:\01-Codes\JavaCode\catcat\src\main\java\com\qin\catcat\unite\popo\entity\Cat.java", "Java", 0, 0, 0, 0, 0, 51, 0, 25, 6, 82
"e:\01-Codes\JavaCode\catcat\src\main\java\com\qin\catcat\unite\popo\entity\CatAdoptApplyRecord.java", "Java", 0, 0, 0, 0, 0, 26, 0, 18, 5, 49
"e:\01-Codes\JavaCode\catcat\src\main\java\com\qin\catcat\unite\popo\entity\CatComment.java", "Java", 0, 0, 0, 0, 0, 49, 0, 7, 15, 71
"e:\01-Codes\JavaCode\catcat\src\main\java\com\qin\catcat\unite\popo\entity\CatPics.java", "Java", 0, 0, 0, 0, 0, 24, 0, 24, 12, 60
"e:\01-Codes\JavaCode\catcat\src\main\java\com\qin\catcat\unite\popo\entity\CatTimeLineEvent.java", "Java", 0, 0, 0, 0, 0, 30, 0, 34, 14, 78
"e:\01-Codes\JavaCode\catcat\src\main\java\com\qin\catcat\unite\popo\entity\CommentLike.java", "Java", 0, 0, 0, 0, 0, 18, 0, 18, 10, 46
"e:\01-Codes\JavaCode\catcat\src\main\java\com\qin\catcat\unite\popo\entity\CommentRelationship.java", "Java", 0, 0, 0, 0, 0, 17, 0, 6, 4, 27
"e:\01-Codes\JavaCode\catcat\src\main\java\com\qin\catcat\unite\popo\entity\Coordinate.java", "Java", 0, 0, 0, 0, 0, 24, 0, 27, 4, 55
"e:\01-Codes\JavaCode\catcat\src\main\java\com\qin\catcat\unite\popo\entity\Donate.java", "Java", 0, 0, 0, 0, 0, 20, 0, 25, 3, 48
"e:\01-Codes\JavaCode\catcat\src\main\java\com\qin\catcat\unite\popo\entity\EsPostIndex.java", "Java", 0, 0, 0, 0, 0, 43, 0, 5, 19, 67
"e:\01-Codes\JavaCode\catcat\src\main\java\com\qin\catcat\unite\popo\entity\FundRecord.java", "Java", 0, 0, 0, 0, 0, 35, 0, 7, 13, 55
"e:\01-Codes\JavaCode\catcat\src\main\java\com\qin\catcat\unite\popo\entity\Permission.java", "Java", 0, 0, 0, 0, 0, 31, 0, 33, 15, 79
"e:\01-Codes\JavaCode\catcat\src\main\java\com\qin\catcat\unite\popo\entity\Post.java", "Java", 0, 0, 0, 0, 0, 40, 0, 16, 4, 60
"e:\01-Codes\JavaCode\catcat\src\main\java\com\qin\catcat\unite\popo\entity\PostCollect.java", "Java", 0, 0, 0, 0, 0, 21, 0, 12, 3, 36
"e:\01-Codes\JavaCode\catcat\src\main\java\com\qin\catcat\unite\popo\entity\PostComment.java", "Java", 0, 0, 0, 0, 0, 36, 0, 14, 5, 55
"e:\01-Codes\JavaCode\catcat\src\main\java\com\qin\catcat\unite\popo\entity\PostLike.java", "Java", 0, 0, 0, 0, 0, 21, 0, 9, 3, 33
"e:\01-Codes\JavaCode\catcat\src\main\java\com\qin\catcat\unite\popo\entity\PostPics.java", "Java", 0, 0, 0, 0, 0, 27, 0, 6, 5, 38
"e:\01-Codes\JavaCode\catcat\src\main\java\com\qin\catcat\unite\popo\entity\PostWeight.java", "Java", 0, 0, 0, 0, 0, 11, 0, 13, 2, 26
"e:\01-Codes\JavaCode\catcat\src\main\java\com\qin\catcat\unite\popo\entity\PredictionResult.java", "Java", 0, 0, 0, 0, 0, 22, 0, 0, 4, 26
"e:\01-Codes\JavaCode\catcat\src\main\java\com\qin\catcat\unite\popo\entity\Role.java", "Java", 0, 0, 0, 0, 0, 24, 0, 21, 11, 56
"e:\01-Codes\JavaCode\catcat\src\main\java\com\qin\catcat\unite\popo\entity\RolePermission.java", "Java", 0, 0, 0, 0, 0, 21, 0, 12, 8, 41
"e:\01-Codes\JavaCode\catcat\src\main\java\com\qin\catcat\unite\popo\entity\ShotLink.java", "Java", 0, 0, 0, 0, 0, 22, 0, 28, 11, 61
"e:\01-Codes\JavaCode\catcat\src\main\java\com\qin\catcat\unite\popo\entity\User.java", "Java", 0, 0, 0, 0, 0, 43, 0, 3, 20, 66
"e:\01-Codes\JavaCode\catcat\src\main\java\com\qin\catcat\unite\popo\entity\UserRole.java", "Java", 0, 0, 0, 0, 0, 28, 0, 18, 10, 56
"e:\01-Codes\JavaCode\catcat\src\main\java\com\qin\catcat\unite\popo\vo\AddCatPhotoVO.java", "Java", 0, 0, 0, 0, 0, 8, 0, 8, 5, 21
"e:\01-Codes\JavaCode\catcat\src\main\java\com\qin\catcat\unite\popo\vo\AddCatVO.java", "Java", 0, 0, 0, 0, 0, 8, 0, 8, 4, 20
"e:\01-Codes\JavaCode\catcat\src\main\java\com\qin\catcat\unite\popo\vo\AddPostVO.java", "Java", 0, 0, 0, 0, 0, 8, 0, 7, 4, 19
"e:\01-Codes\JavaCode\catcat\src\main\java\com\qin\catcat\unite\popo\vo\ApplyPostVO.java", "Java", 0, 0, 0, 0, 0, 37, 0, 24, 4, 65
"e:\01-Codes\JavaCode\catcat\src\main\java\com\qin\catcat\unite\popo\vo\AuditCommentVO.java", "Java", 0, 0, 0, 0, 0, 10, 0, 13, 5, 28
"e:\01-Codes\JavaCode\catcat\src\main\java\com\qin\catcat\unite\popo\vo\CatCommentVO.java", "Java", 0, 0, 0, 0, 0, 9, 0, 16, 4, 29
"e:\01-Codes\JavaCode\catcat\src\main\java\com\qin\catcat\unite\popo\vo\CatListVO.java", "Java", 0, 0, 0, 0, 0, 39, 0, 31, 5, 75
"e:\01-Codes\JavaCode\catcat\src\main\java\com\qin\catcat\unite\popo\vo\CatTimelineVO.java", "Java", 0, 0, 0, 0, 0, 9, 0, 11, 3, 23
"e:\01-Codes\JavaCode\catcat\src\main\java\com\qin\catcat\unite\popo\vo\CoordinateVO.java", "Java", 0, 0, 0, 0, 0, 18, 0, 37, 7, 62
"e:\01-Codes\JavaCode\catcat\src\main\java\com\qin\catcat\unite\popo\vo\DataAnalysisVO.java", "Java", 0, 0, 0, 0, 0, 20, 0, 13, 15, 48
"e:\01-Codes\JavaCode\catcat\src\main\java\com\qin\catcat\unite\popo\vo\FundCalculateVO.java", "Java", 0, 0, 0, 0, 0, 14, 0, 7, 4, 25
"e:\01-Codes\JavaCode\catcat\src\main\java\com\qin\catcat\unite\popo\vo\FundRecordVO.java", "Java", 0, 0, 0, 0, 0, 22, 0, 7, 5, 34
"e:\01-Codes\JavaCode\catcat\src\main\java\com\qin\catcat\unite\popo\vo\HomePostVO.java", "Java", 0, 0, 0, 0, 0, 12, 0, 8, 4, 24
"e:\01-Codes\JavaCode\catcat\src\main\java\com\qin\catcat\unite\popo\vo\MyPageVO.java", "Java", 0, 0, 0, 0, 0, 34, 0, 18, 6, 58
"e:\01-Codes\JavaCode\catcat\src\main\java\com\qin\catcat\unite\popo\vo\PostCommentVO.java", "Java", 0, 0, 0, 0, 0, 9, 0, 16, 4, 29
"e:\01-Codes\JavaCode\catcat\src\main\java\com\qin\catcat\unite\popo\vo\PostVO.java", "Java", 0, 0, 0, 0, 0, 19, 0, 8, 3, 30
"e:\01-Codes\JavaCode\catcat\src\main\java\com\qin\catcat\unite\popo\vo\QiniuTokenVO.java", "Java", 0, 0, 0, 0, 0, 6, 0, 0, 3, 9
"e:\01-Codes\JavaCode\catcat\src\main\java\com\qin\catcat\unite\popo\vo\RoleListVO.java", "Java", 0, 0, 0, 0, 0, 15, 0, 14, 5, 34
"e:\01-Codes\JavaCode\catcat\src\main\java\com\qin\catcat\unite\popo\vo\SearchVO.java", "Java", 0, 0, 0, 0, 0, 15, 0, 3, 5, 23
"e:\01-Codes\JavaCode\catcat\src\main\java\com\qin\catcat\unite\popo\vo\SinglePostVO.java", "Java", 0, 0, 0, 0, 0, 37, 0, 18, 6, 61
"e:\01-Codes\JavaCode\catcat\src\main\java\com\qin\catcat\unite\popo\vo\UpdateCatVO.java", "Java", 0, 0, 0, 0, 0, 7, 0, 7, 3, 17
"e:\01-Codes\JavaCode\catcat\src\main\java\com\qin\catcat\unite\popo\vo\UpdateProfileVO.java", "Java", 0, 0, 0, 0, 0, 7, 0, 7, 4, 18
"e:\01-Codes\JavaCode\catcat\src\main\java\com\qin\catcat\unite\popo\vo\UserLoginVO.java", "Java", 0, 0, 0, 0, 0, 11, 0, 0, 3, 14
"e:\01-Codes\JavaCode\catcat\src\main\java\com\qin\catcat\unite\repository\EsPostIndexRepository.java", "Java", 0, 0, 0, 0, 0, 0, 0, 45, 9, 54
"e:\01-Codes\JavaCode\catcat\src\main\java\com\qin\catcat\unite\security\HasPermission.java", "Java", 0, 0, 0, 0, 0, 10, 0, 0, 2, 12
"e:\01-Codes\JavaCode\catcat\src\main\java\com\qin\catcat\unite\security\LoginUser.java", "Java", 0, 0, 0, 0, 0, 52, 0, 8, 16, 76
"e:\01-Codes\JavaCode\catcat\src\main\java\com\qin\catcat\unite\security\PermissionAspect.java", "Java", 0, 0, 0, 0, 0, 82, 0, 18, 18, 118
"e:\01-Codes\JavaCode\catcat\src\main\java\com\qin\catcat\unite\security\UserDetailsServiceImpl.java", "Java", 0, 0, 0, 0, 0, 48, 0, 11, 12, 71
"e:\01-Codes\JavaCode\catcat\src\main\java\com\qin\catcat\unite\service\CaptchaService.java", "Java", 0, 0, 0, 0, 0, 10, 0, 27, 8, 45
"e:\01-Codes\JavaCode\catcat\src\main\java\com\qin\catcat\unite\service\CatAnalysisService.java", "Java", 0, 0, 0, 0, 0, 13, 0, 22, 6, 41
"e:\01-Codes\JavaCode\catcat\src\main\java\com\qin\catcat\unite\service\CatCommentService.java", "Java", 0, 0, 0, 0, 0, 15, 0, 22, 7, 44
"e:\01-Codes\JavaCode\catcat\src\main\java\com\qin\catcat\unite\service\CatLocationService.java", "Java", 0, 0, 0, 0, 0, 16, 0, 28, 2, 46
"e:\01-Codes\JavaCode\catcat\src\main\java\com\qin\catcat\unite\service\CatPhotoService.java", "Java", 0, 0, 0, 0, 0, 14, 0, 22, 4, 40
"e:\01-Codes\JavaCode\catcat\src\main\java\com\qin\catcat\unite\service\CatPredictionService.java", "Java", 0, 0, 0, 0, 0, 55, 0, 0, 8, 63
"e:\01-Codes\JavaCode\catcat\src\main\java\com\qin\catcat\unite\service\CatService.java", "Java", 0, 0, 0, 0, 0, 47, 0, 78, 30, 155
"e:\01-Codes\JavaCode\catcat\src\main\java\com\qin\catcat\unite\service\CommentService.java", "Java", 0, 0, 0, 0, 0, 16, 0, 41, 10, 67
"e:\01-Codes\JavaCode\catcat\src\main\java\com\qin\catcat\unite\service\DataInitializationService.java", "Java", 0, 0, 0, 0, 0, 88, 0, 25, 11, 124
"e:\01-Codes\JavaCode\catcat\src\main\java\com\qin\catcat\unite\service\DataSyncService.java", "Java", 0, 0, 0, 0, 0, 0, 0, 128, 25, 153
"e:\01-Codes\JavaCode\catcat\src\main\java\com\qin\catcat\unite\service\DonateService.java", "Java", 0, 0, 0, 0, 0, 11, 0, 20, 7, 38
"e:\01-Codes\JavaCode\catcat\src\main\java\com\qin\catcat\unite\service\PermissionService.java", "Java", 0, 0, 0, 0, 0, 14, 0, 42, 11, 67
"e:\01-Codes\JavaCode\catcat\src\main\java\com\qin\catcat\unite\service\PostService.java", "Java", 0, 0, 0, 0, 0, 35, 0, 111, 25, 171
"e:\01-Codes\JavaCode\catcat\src\main\java\com\qin\catcat\unite\service\QiniuService.java", "Java", 0, 0, 0, 0, 0, 6, 0, 12, 3, 21
"e:\01-Codes\JavaCode\catcat\src\main\java\com\qin\catcat\unite\service\RolePermissionService.java", "Java", 0, 0, 0, 0, 0, 10, 0, 26, 7, 43
"e:\01-Codes\JavaCode\catcat\src\main\java\com\qin\catcat\unite\service\RoleService.java", "Java", 0, 0, 0, 0, 0, 15, 0, 39, 10, 64
"e:\01-Codes\JavaCode\catcat\src\main\java\com\qin\catcat\unite\service\SearchService.java", "Java", 0, 0, 0, 0, 0, 7, 0, 14, 5, 26
"e:\01-Codes\JavaCode\catcat\src\main\java\com\qin\catcat\unite\service\ShotLinkShareService.java", "Java", 0, 0, 0, 0, 0, 5, 0, 17, 4, 26
"e:\01-Codes\JavaCode\catcat\src\main\java\com\qin\catcat\unite\service\UserRoleService.java", "Java", 0, 0, 0, 0, 0, 11, 0, 26, 7, 44
"e:\01-Codes\JavaCode\catcat\src\main\java\com\qin\catcat\unite\service\UserService.java", "Java", 0, 0, 0, 0, 0, 18, 0, 36, 9, 63
"e:\01-Codes\JavaCode\catcat\src\main\java\com\qin\catcat\unite\service\WxShareService.java", "Java", 0, 0, 0, 0, 0, 14, 0, 25, 8, 47
"e:\01-Codes\JavaCode\catcat\src\main\java\com\qin\catcat\unite\service\impl\CaptchaServiceImpl.java", "Java", 0, 0, 0, 0, 0, 91, 0, 58, 26, 175
"e:\01-Codes\JavaCode\catcat\src\main\java\com\qin\catcat\unite\service\impl\CatAnalysisServiceImpl.java", "Java", 0, 0, 0, 0, 0, 336, 0, 89, 57, 482
"e:\01-Codes\JavaCode\catcat\src\main\java\com\qin\catcat\unite\service\impl\CatCommentServiceImpl.java", "Java", 0, 0, 0, 0, 0, 133, 0, 24, 11, 168
"e:\01-Codes\JavaCode\catcat\src\main\java\com\qin\catcat\unite\service\impl\CatLocationServiceImpl.java", "Java", 0, 0, 0, 0, 0, 115, 0, 28, 20, 163
"e:\01-Codes\JavaCode\catcat\src\main\java\com\qin\catcat\unite\service\impl\CatPhotoServiceImpl.java", "Java", 0, 0, 0, 0, 0, 85, 0, 35, 12, 132
"e:\01-Codes\JavaCode\catcat\src\main\java\com\qin\catcat\unite\service\impl\CatServiceImpl.java", "Java", 0, 0, 0, 0, 0, 476, 0, 96, 68, 640
"e:\01-Codes\JavaCode\catcat\src\main\java\com\qin\catcat\unite\service\impl\CommentServiceImpl.java", "Java", 0, 0, 0, 0, 0, 191, 0, 49, 13, 253
"e:\01-Codes\JavaCode\catcat\src\main\java\com\qin\catcat\unite\service\impl\DonateServiceImpl.java", "Java", 0, 0, 0, 0, 0, 50, 0, 32, 14, 96
"e:\01-Codes\JavaCode\catcat\src\main\java\com\qin\catcat\unite\service\impl\PermissionServiceImpl.java", "Java", 0, 0, 0, 0, 0, 128, 0, 47, 34, 209
"e:\01-Codes\JavaCode\catcat\src\main\java\com\qin\catcat\unite\service\impl\PostServiceImpl.java", "Java", 0, 0, 0, 0, 0, 603, 0, 230, 94, 927
"e:\01-Codes\JavaCode\catcat\src\main\java\com\qin\catcat\unite\service\impl\QiniuServiceImpl.java", "Java", 0, 0, 0, 0, 0, 58, 0, 13, 9, 80
"e:\01-Codes\JavaCode\catcat\src\main\java\com\qin\catcat\unite\service\impl\RolePermissionServiceImpl.java", "Java", 0, 0, 0, 0, 0, 52, 0, 5, 10, 67
"e:\01-Codes\JavaCode\catcat\src\main\java\com\qin\catcat\unite\service\impl\RoleServiceImpl.java", "Java", 0, 0, 0, 0, 0, 131, 0, 21, 16, 168
"e:\01-Codes\JavaCode\catcat\src\main\java\com\qin\catcat\unite\service\impl\SearchServiceImpl.java", "Java", 0, 0, 0, 0, 0, 153, 0, 28, 24, 205
"e:\01-Codes\JavaCode\catcat\src\main\java\com\qin\catcat\unite\service\impl\ShotLinkShareServiceImpl.java", "Java", 0, 0, 0, 0, 0, 93, 0, 31, 12, 136
"e:\01-Codes\JavaCode\catcat\src\main\java\com\qin\catcat\unite\service\impl\UserRoleServiceImpl.java", "Java", 0, 0, 0, 0, 0, 52, 0, 5, 10, 67
"e:\01-Codes\JavaCode\catcat\src\main\java\com\qin\catcat\unite\service\impl\UserServiceImpl.java", "Java", 0, 0, 0, 0, 0, 258, 0, 71, 23, 352
"e:\01-Codes\JavaCode\catcat\src\main\java\com\qin\catcat\unite\service\impl\WxShareServiceImpl.java", "Java", 0, 0, 0, 0, 0, 86, 0, 38, 15, 139
"e:\01-Codes\JavaCode\catcat\src\main\java\com\qin\catcat\unite\service\task\CatLocationTask.java", "Java", 0, 0, 0, 0, 0, 55, 0, 15, 14, 84
"e:\01-Codes\JavaCode\catcat\src\main\resources\application-dev.yml", "YAML", 0, 63, 0, 0, 0, 0, 0, 9, 14, 86
"e:\01-Codes\JavaCode\catcat\src\main\resources\application-prod.yml", "YAML", 0, 59, 0, 0, 0, 0, 0, 11, 5, 75
"e:\01-Codes\JavaCode\catcat\src\main\resources\application.properties", "Java Properties", 0, 0, 0, 0, 0, 0, 0, 2, 0, 2
"e:\01-Codes\JavaCode\catcat\src\main\resources\application.yml", "YAML", 0, 53, 0, 0, 0, 0, 0, 12, 4, 69
"e:\01-Codes\JavaCode\catcat\src\main\resources\logback-spring.xml", "XML", 0, 0, 0, 0, 55, 0, 0, 12, 9, 76
"e:\01-Codes\JavaCode\catcat\src\main\resources\logback.xml", "XML", 0, 0, 0, 0, 11, 0, 0, 0, 4, 15
"e:\01-Codes\JavaCode\catcat\src\main\resources\mapper\CatMapper.xml", "XML", 0, 0, 0, 0, 12, 0, 0, 1, 0, 13
"e:\01-Codes\JavaCode\catcat\src\main\resources\mapper\CatPicsMapper.xml", "XML", 0, 0, 0, 0, 11, 0, 0, 0, 0, 11
"e:\01-Codes\JavaCode\catcat\src\main\resources\mapper\UserMapper.xml", "XML", 0, 0, 0, 0, 4, 0, 0, 0, 2, 6
"e:\01-Codes\JavaCode\catcat\src\main\resources\templates\upload.html", "HTML", 0, 0, 0, 0, 0, 0, 14, 19, 1, 34
"e:\01-Codes\JavaCode\catcat\src\test\java\com\qin\catcat\CatcatApplicationTests.java", "Java", 0, 0, 0, 0, 0, 104, 0, 79, 33, 216
"Total", "-", 1, 175, 105, 2, 355, 9109, 14, 4688, 2249, 16698